<assembly xmlns="http://maven.apache.org/plugins/maven-assembly-plugin/assembly/1.1.2" xmlns:xsi="http://www.w3.org/2001/XMLSchema-instance"
		  xsi:schemaLocation="http://maven.apache.org/plugins/maven-assembly-plugin/assembly/1.1.2 http://maven.apache.org/xsd/assembly-1.1.2.xsd">
	<id>my-assembly-descriptor</id>
	<formats>
		<format>jar</format>
		<format>war</format>
	</formats>
	<fileSets>
		<fileSet>
			<directory>${project.build.directory}</directory>
			<outputDirectory>${project.build.directory}</outputDirectory>
			<includes>
				<include>*.sh</include>
			</includes>
			<fileMode>0755</fileMode>
		</fileSet>
	</fileSets>
	<dependencySets>
		<dependencySet>
			<excludes>
				<exclude>spring-2.5.4.jar</exclude>
			</excludes>
		</dependencySet>
	</dependencySets>
</assembly>